Mouse_Path_Length,Mouse_Avg_Speed,Mouse_Max_Speed,Mouse_Stops,Mouse_Click_Frequency,Avg_Click_X,Avg_Click_Y,Click_Spread,Typing_Speed,Keypress_Interval_Avg,Key_Hold_Duration_Avg,Special_Key_Usage,Pause_Between_Typing,Interaction_Duration,Mouse_Keyboard_Interaction_Correlation,Result
-1.0473905221540254,-0.9806794798568044,0.01384495512253684,-0.6128251852374453,0.8852923690889584,-1.980344914841756,-2.4276443549575553,-1.3713194112513356,2.1978490976216674,-0.7123014845300281,-0.7149726760231389,-0.31464389248087843,-0.5415350078520964,-0.3515695126106563,1.1102230246251565e-16,0
0.2570506621940769,0.2884556817041123,-0.10599514468543345,-0.44666318870326555,-0.13962216168721497,0.18159528566105196,0.10129920816198033,-0.12190200516637485,-0.30896779489427234,-0.011785799736885868,-0.018610591743374524,-0.31464389248087843,-0.11043479043722237,-0.25367940278032797,1.1102230246251565e-16,1
-1.0600078662299486,-1.004537807036372,-0.11539078431171691,-0.5574378530593854,-0.6790752947707844,0.6403624369613825,-0.6178691176001376,-0.12190200516637485,0.15071503686333,0.25338115439385134,0.24498409552636655,-0.31464389248087843,0.2241504529295455,-0.09588874265124803,1.1102230246251565e-16,0
-1.052049676771597,-1.0055172056030781,-0.12582268951898024,-0.44666318870326555,-0.9493146197830564,-1.9860795042330102,-0.9972106520680679,-0.12190200516637485,-1.0566882632833228,1.6195846255271433,1.6030868723250933,0.048545057697049775,2.50190384046485,0.42965976970674663,1.1102230246251565e-16,0
-0.7700537002634465,-0.5998521284409419,-0.07101426707758351,1.048794780104353,2.0222918991840615,0.3574560269928458,0.6940203557681215,0.07501500034386878,-0.11814196155905543,0.08557400730216087,0.07817193522432139,-0.31464389248087843,0.2241504529295455,-0.358610454487878,1.1102230246251565e-16,0
-0.8847185968059552,-0.7570098907382621,-0.09972051626404448,-0.0035645312787860144,0.9412267840090922,0.19879905383481436,0.06178446498823759,0.41993698147757813,1.2223898637481028,4.853829922775481,4.8181552072031915,-0.31464389248087843,3.4155789281202544,-0.35855791014551064,1.1102230246251565e-16,0
-0.38896360164064675,-0.07714539270636579,-0.08566781558222335,0.7164707870359932,9.593207458198439,0.6942675772391719,1.9790398037782349,-0.6294130230649474,-0.25224872115899033,-0.14239041893560728,-0.14844081084638142,-0.31464389248087843,-0.2326870908981568,-0.3587680875149799,1.1102230246251565e-16,0
0.4412221458420675,0.4675493481444332,-0.10478596163134403,-0.44666318870326555,-0.13962216168721497,0.18159528566105196,0.10129920816198033,-0.12190200516637485,-0.8845812048166786,-0.5302465607984765,-0.5339972190916742,-0.31464389248087843,-0.44502003380399024,-0.253364136726124,1.1102230246251565e-16,1
0.658793529464483,0.6794719401393542,-0.09385037495569112,-0.44666318870326555,-0.13962216168721497,0.18159528566105196,0.10129920816198033,-0.12190200516637485,-0.6934755056606686,1.2289580826509676,1.2147764897351911,-0.31464389248087843,-1.1206248521407332,-0.2531539593566547,1.1102230246251565e-16,1
-0.44130215308869064,-0.724325330891445,-0.10887646890572322,5.479781354349148,1.3028778911970462,0.840253838599384,1.1478754059351088,-0.4203709519346986,0.32959556074387975,1.6398314660153663,1.6232136622721625,-0.31464389248087843,2.2895708975590163,0.16693805787011665,1.1102230246251565e-16,0
-1.0085140119738274,-0.9834723981166054,-0.09465781189896653,-0.3912758565252056,-0.8591327467639471,-2.398969940403308,0.2514552322222028,-0.12190200516637485,-0.475038870953198,-0.9864632471455259,-0.9875088384377153,0.411734007874978,-0.5222320130424751,0.16667533615827998,1.1102230246251565e-16,0
-0.988545574343529,-0.9555503298102127,-0.10202366498968433,-0.44666318870326555,-0.6789672098503521,0.08984185540098585,0.7888557393851041,-0.12190200516637485,-0.3857119210724044,2.7190380562363803,2.696021262228588,-0.31464389248087843,0.9447955924887379,-0.09599383133598262,1.1102230246251565e-16,0
-0.9277272979856519,-0.8158868298835988,-0.11451815286756468,0.38414679396763357,0.9416586055050676,0.2905524840948805,0.33048471856968825,-0.08978260657331853,1.2229257549435082,0.30641454521999917,0.29770303298031514,-0.31464389248087843,-0.49649468662964685,-0.358610454487878,1.1102230246251565e-16,0
0.7851101893339733,0.805072455694825,-0.09721385467428648,-0.44666318870326555,-0.13962216168721497,0.18159528566105196,0.10129920816198033,-0.12190200516637485,0.26566039706074157,-0.46428463191023384,-0.4684264013628833,-0.31464389248087843,-0.09756612723080824,-0.2535743140955933,1.1102230246251565e-16,1
0.00597585713495618,0.04137109740519617,-0.1026329261575494,-0.44666318870326555,-0.13962216168721497,0.18159528566105196,0.10129920816198033,-0.12190200516637485,-0.11879250089934769,-0.5766083736742134,-0.5800841366953392,-0.31464389248087843,-0.41928270739116197,-0.2532590480413893,1.1102230246251565e-16,1
0.38598697659322334,0.41329971325315507,-0.09913121098392734,-0.44666318870326555,-0.13962216168721497,0.18159528566105196,0.10129920816198033,-0.12190200516637485,0.8389762306297606,-0.7597940733295631,-0.7621836647878686,-0.31464389248087843,0.011817510023712039,-0.25331159238375667,1.1102230246251565e-16,1
0.621649367333771,0.6429120045398048,-0.08303704914037005,-0.44666318870326555,-0.13962216168721497,0.18159528566105196,0.10129920816198033,-0.12190200516637485,-0.5021784667982379,-0.6505611190906326,-0.6535983906289903,-0.31464389248087843,-0.30346473853343464,-0.2531014150142874,1.1102230246251565e-16,1
0.9656602997088661,0.9787102846175513,-0.08529837903416974,-0.44666318870326555,-0.13962216168721497,0.18159528566105196,0.10129920816198033,-0.12190200516637485,-0.11974803068061536,0.061149247348114694,0.05389199814531793,-0.31464389248087843,-0.007485484785909185,-0.2529963263295527,1.1102230246251565e-16,1
-1.0053298329348095,-0.967064584439443,-0.11358428109261332,-0.44666318870326555,-0.13962216168721497,0.18159528566105196,0.10129920816198033,-0.12190200516637485,-0.38592653477831973,-0.04740524133653717,-0.05401883331692186,-0.31464389248087843,-0.7023932979322732,-0.09588874265124803,1.1102230246251565e-16,0
-1.0699725864233907,-1.011367002567864,-0.14485220922831968,-0.5574378530593854,-0.13962216168721497,0.18159528566105196,0.10129920816198033,-0.12190200516637485,-0.2516454337267303,2.3641628788176323,2.343250262847691,-0.31464389248087843,1.6590064004447231,-0.09594128699361532,1.1102230246251565e-16,0
-0.4550901478453893,-0.9257987887138553,0.08812779003797411,2.4888654167339115,-0.7781893167995796,-1.3007960719781413,-1.5464655821830922,2.1580581058356874,-0.527947471107148,-0.05997680895994354,-0.06651585975464448,-0.31464389248087843,1.826299022128107,1.9531829766473636,1.1102230246251565e-16,0
-0.9335766963554251,-0.8238637295012747,-0.12752261984250138,0.6056961226798734,0.9420905996260666,0.06116890844471519,0.12500805406622598,-0.2610463899965673,1.75999616805255,1.7434611279792633,1.7262288680197628,-0.31464389248087843,3.0102160371182087,-0.35866299883024527,1.1102230246251565e-16,0
0.28040458346826913,0.8386817786143969,0.19125360901564592,1.768830098419132,0.9407951350346888,0.4740593446150127,0.07759036225773469,-0.36738827595634277,0.1494286407667057,0.3800280578592784,0.3708800655656462,-0.31464389248087843,-0.7023932979322732,-0.3585053658031433,1.1102230246251565e-16,0
1.1785263235072547,1.1902401741372748,-0.04846200505473151,-0.44666318870326555,-0.13962216168721497,0.18159528566105196,0.10129920816198033,-0.12190200516637485,0.4573126276298926,-0.07590079461625827,-0.0823454265757598,-0.31464389248087843,-0.007485484785909185,-0.2535743140955933,1.1102230246251565e-16,1
-0.8680100467764592,-0.9126346551441986,-0.07609595120411682,2.045766759309432,-0.060943100436659826,-2.4180852383741542,-1.155269624763039,-0.12190200516637485,1.320740079069815,-0.0965355056119183,-0.10285778721146994,-0.31464389248087843,1.826299022128107,0.11413099379095397,1.1102230246251565e-16,0
-0.9931011040972694,-0.9586730558021346,-0.10110793490366266,-0.5020505208813255,-0.13962216168721497,0.18159528566105196,0.10129920816198033,-0.12190200516637485,1.2245347144114176,-0.9022718397281683,-0.9038166310820579,2.9540566591204755,-0.6187469870905813,-0.09599383133598262,1.1102230246251565e-16,0
-0.9222871907998964,-0.8084331283846242,-0.10187492108637622,-0.2251138599910258,-0.1389746881739263,0.06690349783596933,-0.5546455285221492,-0.12190200516637485,0.9547122116429958,0.0818801392844197,0.07449996943150951,-0.31464389248087843,-0.49649468662964685,-0.358610454487878,1.1102230246251565e-16,0
1.1220656212923166,1.1319018982206974,-0.09994586065589811,-0.44666318870326555,-0.13962216168721497,0.18159528566105196,0.10129920816198033,-0.12190200516637485,-0.5023149321071304,-0.8547792509286333,-0.8566056423173282,-0.31464389248087843,-0.36780805456550536,-0.25304887067192006,1.1102230246251565e-16,1
-0.3632905071769998,-0.042336359401359075,-0.08455017427730097,1.1595694444604727,3.103789181105053,0.8124001186990065,0.8204675339240982,0.682855778110894,-1.1909425242187717,-0.14239041893560728,1.4803383015367961,-0.31464389248087843,-0.2326870908981568,-0.35866299883024527,1.1102230246251565e-16,0
0.5724081420280389,0.597289534525706,-0.11785598710355241,-0.44666318870326555,-0.13962216168721497,0.18159528566105196,0.10129920816198033,-0.12190200516637485,-0.6923817559500546,0.40377435225904595,0.3944855599480111,-0.31464389248087843,-0.1812124380725002,-0.25367940278032797,1.1102230246251565e-16,1
0.58443507310521,0.6081420353077005,-0.11721935606189883,-0.44666318870326555,-0.13962216168721497,0.18159528566105196,0.10129920816198033,-0.12190200516637485,-0.5012221186927641,-1.0210033117270059,-1.0218441029938825,-0.31464389248087843,-0.09756612723080824,-0.25346922541085865,1.1102230246251565e-16,1
0.25042763564065357,-0.10653014998615146,0.07592816187262096,0.1625974652553938,-0.13865066019980984,0.4912631127887751,-0.001439124089750797,0.5958901015313345,0.687142059151,-0.14535870573557824,-0.15139149764417703,-0.31464389248087843,-0.08469746402439408,-0.09583619830888063,1.1102230246251565e-16,0
0.3944448316096435,0.42157433183067305,-0.06819243238860624,-0.44666318870326555,-0.13962216168721497,0.18159528566105196,0.10129920816198033,-0.12190200516637485,-0.884663200888774,0.9499391234536991,0.9374119307424036,-0.31464389248087843,-0.9018575776316926,-0.25331159238375667,1.1102230246251565e-16,1
0.37981704941539185,0.40685854368665186,-0.09694227490511126,-0.44666318870326555,-0.13962216168721497,0.18159528566105196,0.10129920816198033,-0.12190200516637485,0.07247713583369146,0.029770215462707313,0.022699023425764037,-0.31464389248087843,-0.01391981638911626,-0.25320650369902203,1.1102230246251565e-16,1
-0.9920237426804857,-0.9040465698459249,-0.09844213256942959,-0.5020505208813255,-0.13962216168721497,0.07837267661847759,-0.523033733983155,-0.12190200516637485,-0.3869983174258963,1.2348946562509096,1.2206778633307822,-0.31464389248087843,-0.1812124380725002,-0.358452821460776,1.1102230246251565e-16,0
1.0095956526105263,1.025724242174729,-0.0896718305085464,-0.44666318870326555,-0.13962216168721497,0.18159528566105196,0.10129920816198033,-0.12190200516637485,-0.8840065763434338,0.8232922199882721,0.8115159607031239,-0.31464389248087843,-0.9855038884733845,-0.25373194712269526,1.1102230246251565e-16,1
1.0606874495113878,1.073680646341928,-0.04313110041510836,-0.44666318870326555,-0.13962216168721497,0.18159528566105196,0.10129920816198033,-0.12190200516637485,0.07313291725822207,-0.8043183753291272,-0.8064439667548028,-0.31464389248087843,-0.20051543288212142,-0.253364136726124,1.1102230246251565e-16,1
0.43917792701372455,0.4638641691071732,-0.11790898419826547,-0.44666318870326555,-0.13962216168721497,0.18159528566105196,0.10129920816198033,-0.12190200516637485,0.07138541322934697,-0.5490457105316262,-0.5526849021443802,-0.31464389248087843,-0.020354147992323334,-0.2529437819871854,1.1102230246251565e-16,1
0.005749899087547372,0.04084965197877247,-0.10746083497171259,-0.44666318870326555,-0.13962216168721497,0.18159528566105196,0.10129920816198033,-0.12190200516637485,0.4551257529407569,-0.3371100330137011,-0.3420058647817736,-0.31464389248087843,-0.1876467696757073,-0.2531539593566547,1.1102230246251565e-16,1
0.5881758148928246,0.6111082018489834,-0.10162320118834045,-0.44666318870326555,-0.13962216168721497,0.18159528566105196,0.10129920816198033,-0.12190200516637485,-0.6931477084978257,-0.5698237181314229,-0.5733397097289494,-0.31464389248087843,-0.23912142250136387,-0.25331159238375667,1.1102230246251565e-16,1
0.426442313901347,0.4532967645770079,-0.10715560909955923,-0.44666318870326555,-0.13962216168721497,0.18159528566105196,0.10129920816198033,-0.12190200516637485,-0.8844991853371975,0.1663114082613706,0.15843061612436216,-0.31464389248087843,-0.020354147992323334,-0.2534166810684913,1.1102230246251565e-16,1
-0.9832143604601989,-0.9819194309568549,-0.11451815286756468,-0.33588852434714567,-0.9492470498210372,-2.5366000857934066,0.4253201021866708,-0.12190200516637485,-0.18423988440932432,-0.9335169639383886,-0.9348764921114853,3.317245609298404,-0.3935453809783337,0.42939704799491,1.1102230246251565e-16,0
-0.9772707374214034,-0.8838450173389526,-0.12325714520413861,0.7718581192140531,-0.13962216168721497,1.007376158001647,-0.5072278367136579,-0.12190200516637485,0.41716020305089546,0.32235848574555753,0.31355243635133173,-0.31464389248087843,-0.593009660677753,-0.358452821460776,1.1102230246251565e-16,0
-0.8962361954032432,-0.7729307150460641,-0.12196404250853685,2.211928755843612,0.93993235423721,0.313490841659897,0.3383876672044368,0.1275677557699717,2.8287793656309232,0.350345189859569,0.3413731975876901,-0.31464389248087843,0.018251841626919115,-0.35840027711840866,1.1102230246251565e-16,0
0.5790547359729258,0.6028760069843789,-0.09204692915205273,-0.44666318870326555,-0.13962216168721497,0.18159528566105196,0.10129920816198033,-0.12190200516637485,-0.692819630566535,0.4809498090582904,0.471203416690697,-0.31464389248087843,-0.29703040693022753,-0.25346922541085865,1.1102230246251565e-16,1
0.13963391244633533,0.04084965197877247,-0.09721385467428648,-0.5574378530593854,-0.13832643784778392,-1.848449358842911,-2.3881296117838127,-0.12190200516637485,2.029658032153329,-0.5040647490243745,-0.5079706483624008,1.5013008584087626,-0.7409992875515157,-0.3587680875149799,1.1102230246251565e-16,0
0.6821876697833918,0.704552933511602,-0.07917656621794926,-0.44666318870326555,-0.13962216168721497,0.18159528566105196,0.10129920816198033,-0.12190200516637485,-1.0758504747837654,-1.7927578797194508,-1.7890226704207413,-0.31464389248087843,-0.9533322304573492,-0.2536268584379606,1.1102230246251565e-16,1
-0.9849631094806224,-0.9531357837570663,-0.09661252125032414,-0.5020505208813255,-0.6793453180933352,0.7091775096564321,1.0417500956970576,-0.12190200516637485,-0.2523693207749879,0.4644593268362293,0.45481071225849884,-0.31464389248087843,-0.1876467696757073,-0.09562602093941135,1.1102230246251565e-16,0
0.22765536190272223,0.2576736248711904,-0.10794554257773466,-0.44666318870326555,-0.13962216168721497,0.18159528566105196,0.10129920816198033,-0.12190200516637485,-0.5021784667982379,-0.04740524133653717,-0.05401883331692186,-0.31464389248087843,0.031120504833333264,-0.2531014150142874,1.1102230246251565e-16,1
-0.9897249054560598,-0.9980561025105161,-0.06394522574281085,-0.5020505208813255,-1.0844714330194902,-1.9516719678854852,1.5317329110514677,-0.12190200516637485,-1.325045932398666,-1.121925062926018,-1.1221674541189333,5.8595682605439015,-0.9533322304573492,1.4810195161345723,1.1102230246251565e-16,0
1.3371930680751283,1.3278720689030932,-0.10431069307833672,-0.44666318870326555,-0.13962216168721497,0.18159528566105196,0.10129920816198033,-0.12190200516637485,-1.0787843462374225,-0.9616375757275871,-0.9628303670379702,-0.31464389248087843,-0.6959589663290662,-0.250789463950125,1.1102230246251565e-16,1
0.13963391244633533,0.1712707679734685,-0.1062728486943406,-0.44666318870326555,-0.13962216168721497,0.18159528566105196,0.10129920816198033,-0.12190200516637485,0.07160363323095667,0.1306919666617193,0.12302237455081483,-0.31464389248087843,-0.2905960753270205,-0.2529963263295527,1.1102230246251565e-16,1
-0.7978448509844233,-0.638079289664932,-0.09721385467428648,0.6056961226798734,0.9407951350346888,0.5084668809625376,-0.001439124089750797,-0.3915093751436591,1.7580669595950305,0.9974317122532342,0.9846229195071333,-0.31464389248087843,1.6654407320479303,-0.3585053658031433,1.1102230246251565e-16,0
0.9782943547552393,0.9913456680454623,-0.09459831237272213,-0.44666318870326555,-0.13962216168721497,0.18159528566105196,0.10129920816198033,-0.12190200516637485,0.26320086465646064,-0.013105038314650768,-0.01992200809795039,-0.31464389248087843,-0.30346473853343464,-0.25304887067192006,1.1102230246251565e-16,1
0.463695985168821,0.48804094311142276,-0.11880874071836714,-0.44666318870326555,-0.13962216168721497,0.18159528566105196,0.10129920816198033,-0.12190200516637485,-0.8851546863269032,-0.664808895730493,-0.667761687258409,-0.31464389248087843,-0.59944399228096,-0.2529963263295527,1.1102230246251565e-16,1
-1.0205845743578612,-0.977529641511209,-0.11404975407989573,-0.6128251852374453,-0.13962216168721497,0.18159528566105196,0.10129920816198033,-0.12190200516637485,-0.25212812154299286,1.6676049097577847,1.6508224276316539,0.411734007874978,1.047744898140051,-0.09573110962414604,1.1102230246251565e-16,0
2.5907292528007795,2.569254993514964,0.0320825825189305,-0.3912758565252056,-0.13962216168721497,0.18159528566105196,0.10129920816198033,-0.12190200516637485,1.2212422462551746,-0.7072129928729348,-0.7099143557983462,-0.31464389248087843,-0.1040004588340153,-0.25320650369902203,1.1102230246251565e-16,1
0.5597665515523188,0.5824043943925482,-0.11292551772875302,-0.44666318870326555,-0.13962216168721497,0.18159528566105196,0.10129920816198033,-0.12190200516637485,-0.5021784667982379,-0.7455462966897027,-0.7480203681584497,-0.31464389248087843,-0.45145436540719736,-0.2531014150142874,1.1102230246251565e-16,1
0.6568129508005238,0.6782583384719072,-0.10422455935843462,-0.44666318870326555,-0.13962216168721497,0.18159528566105196,0.10129920816198033,-0.12190200516637485,-0.5016322161068775,0.028582900742718666,0.021518748706645524,-0.31464389248087843,-0.5544036710585105,-0.25331159238375667,1.1102230246251565e-16,1
-0.9998666809221469,-0.9795417597949623,-0.1210313353901856,-0.16972652781296585,-0.8593728874841448,-2.421908297968324,0.20403754041371147,-0.12190200516637485,-0.47569450402701613,1.3892455698493984,1.374113576816154,3.317245609298404,4.6123646063167705,0.1672007795819532,1.1102230246251565e-16,0
-0.9846455849602557,-0.9824144730526735,-0.11846206613065566,0.21798479743345375,-0.9492875958516362,0.8009309399164982,2.1797746991008484,-0.12190200516637485,-0.25224872115899033,-0.14239041893560728,-0.14844081084638142,-0.31464389248087843,-0.2326870908981568,0.429554681022012,1.1102230246251565e-16,0
-1.0662051792394793,-1.0087854103823943,-0.14248200668948738,-0.3912758565252056,-0.13962216168721497,0.18159528566105196,0.10129920816198033,-0.12190200516637485,-1.056768727334253,3.672847547960377,3.6441752865869117,-0.31464389248087843,0.6359476755347983,-0.09583619830888063,1.1102230246251565e-16,0
1.1549967829404213,1.1637864042923933,-0.07008822974527111,-0.44666318870326555,-0.13962216168721497,0.18159528566105196,0.10129920816198033,-0.12190200516637485,0.2629552971425284,-1.0579419919044222,-1.0585637609220055,-0.31464389248087843,-0.49649468662964685,-0.2529963263295527,1.1102230246251565e-16,1
-0.7889205248589588,-0.9994013755545573,0.0736797239823446,0.2733721296115137,-0.13962216168721497,0.18159528566105196,0.10129920816198033,-0.12190200516637485,-1.3371968989092766,0.6668102286872398,0.6559618054142066,-0.31464389248087843,2.173752928701289,7.470286380874226,1.1102230246251565e-16,0
-1.06911911453521,-1.0107821398205452,-0.14389861529242168,-0.5574378530593854,-0.13962216168721497,0.18159528566105196,0.10129920816198033,-0.12190200516637485,-0.788407713509557,1.8997908994444004,1.8816317060369991,-0.31464389248087843,0.3270997585808587,-0.09588874265124803,1.1102230246251565e-16,0
0.9248551752522638,0.9413296879880069,-0.10288799177494201,-0.44666318870326555,-0.13962216168721497,0.18159528566105196,0.10129920816198033,-0.12190200516637485,-1.0760146543140772,-1.8521236157188696,-1.8480364063766537,-0.31464389248087843,-0.766736613964344,-0.25346922541085865,1.1102230246251565e-16,1
0.13963391244633533,0.04084965197877247,-0.09721385467428648,-0.44666318870326555,-0.949274081859435,-2.5251309070108987,0.34629061583918536,-0.12190200516637485,-0.5198521822129603,-0.7139976484157253,-0.7166587827647359,0.411734007874978,-0.7796052771707581,0.4295021366796446,1.1102230246251565e-16,0
0.2371489226932615,-0.9509476063526898,0.16298847928063886,2.6550274132680913,-1.1460372034014852,-0.007646164250334399,0.38580535901292806,0.012404992994849318,-1.3770383653761142,-0.028935901247829573,-0.03565900435286076,-0.31464389248087843,-0.7924739403771723,7.102528528645312,1.1102230246251565e-16,0
-0.8571217623701769,-0.8655204540637905,-0.09176033566142545,0.21798479743345375,-0.13875869111342656,0.485528523397521,2.1244540586576086,1.1909383195840537,-0.7885417934545003,3.5204754922285346,3.492706697633403,-0.31464389248087843,0.3270997585808587,-0.09578365396651334,1.1102230246251565e-16,0
-0.9221149019655542,-0.8081155994039371,-0.11537307861782133,0.49492145832375345,0.9425227664756224,0.313490841659897,0.14081395133572308,-0.43613031511648903,1.4923189659674543,0.4583908293785115,0.4487781970274506,-0.31464389248087843,0.018251841626919115,-0.3587155431726126,1.1102230246251565e-16,0
0.970924542025337,0.9847100776470077,-0.07662030716632122,-0.44666318870326555,-0.13962216168721497,0.18159528566105196,0.10129920816198033,-0.12190200516637485,0.07225866674028178,-0.6291894541308417,-0.6323534456848617,-0.31464389248087843,-0.4128483757879549,-0.2531539593566547,1.1102230246251565e-16,1
0.8896820408000161,0.9044416539844201,-0.1088582041355004,-0.44666318870326555,-0.13962216168721497,0.18159528566105196,0.10129920816198033,-0.12190200516637485,-0.3110996945921872,-0.7202169159966167,-0.7228411741505933,-0.31464389248087843,-0.3742423861687124,-0.2529963263295527,1.1102230246251565e-16,1
-0.9243950273708774,-0.8115214272258179,-0.11307321209257172,0.882632783570173,0.939501222207645,0.33642919922491354,0.3383876672044368,-0.29316515007573113,1.7561400620280574,0.6218085099296389,0.6112269174588161,-0.31464389248087843,1.1506942037913643,-0.3583477327760413,1.1102230246251565e-16,0
-0.939981990382491,-0.832749082305447,-0.10558975267406677,-0.16972652781296585,0.9407951350346888,0.21600282200857676,0.16452279723996874,-0.489305780821949,0.4175350272380933,0.7056915239132333,0.6946125599523649,-0.31464389248087843,-0.078263132421187,-0.3585053658031433,1.1102230246251565e-16,0
-0.9603091144153038,-0.9037212416980412,-0.10318344470845046,0.7718581192140531,-0.44721989421262776,-2.2498706162307003,-2.5303826872092863,-0.12190200516637485,1.4163950298567474,-0.33236077413374754,-0.33728476590530054,-0.31464389248087843,-0.36780805456550536,-0.25367940278032797,1.1102230246251565e-16,0
1.0888465489746253,1.1009320814744912,-0.03820832247275382,-0.3912758565252056,-0.13962216168721497,0.18159528566105196,0.10129920816198033,-0.12190200516637485,-0.11860123132498092,-1.0481419338981688,-1.0488218108594423,-0.31464389248087843,-0.32276773334305586,-0.25331159238375667,1.1102230246251565e-16,1
0.19939971812881502,0.7277382180131007,0.07592816187262096,-0.2251138599910258,-0.1394064234091154,-0.07072664755412986,-0.6336750148696347,-0.12190200516637485,-1.1911032915902315,-0.14239041893560728,-0.030413338934556968,-0.31464389248087843,-0.2326870908981568,-0.3585053658031433,1.1102230246251565e-16,0
-0.1860499476513933,0.20055633375791138,0.035838365419296275,-0.44666318870326555,-0.13875869111342656,-2.020487040580535,-2.340711919975321,-0.12190200516637485,0.1503932449954652,-0.5975277282644854,-0.6008794531750423,-0.31464389248087843,-0.8182112667900006,-0.35866299883024527,1.1102230246251565e-16,0
0.5097245143630231,0.5262353833784505,-0.11418493464110288,-0.44666318870326555,-0.13962216168721497,0.18159528566105196,0.10129920816198033,-0.12190200516637485,-1.0781903535262705,-0.4510922461325852,-0.455312237817125,-0.31464389248087843,-0.8182112667900006,-0.2513674517161656,1.1102230246251565e-16,1
0.25042763564065357,-0.40803562013478917,0.07592816187262096,0.1625974652553938,-0.49860944831029524,0.4912631127887751,-0.001439124089750797,0.5958901015313345,0.9566433491547593,0.21563063509165678,0.2074574121492736,-0.31464389248087843,1.2472091778394703,0.16662279181591266,1.1102230246251565e-16,0
-1.0507773798737716,-0.9844934862601951,-0.10671741878042601,-0.5020505208813255,-0.1394064234091154,-1.8713877164079273,-2.309100125436327,-0.12190200516637485,0.6856414137094807,-0.9942887305272675,-0.9952879218137219,-0.31464389248087843,-0.9275949040445208,-0.3585053658031433,1.1102230246251565e-16,0
0.9146711274890154,0.9302529678034037,-0.06583472017551871,-0.44666318870326555,-0.13962216168721497,0.18159528566105196,0.10129920816198033,-0.12190200516637485,0.2641838354327299,-1.0262802660380654,-1.0270897684121858,-0.31464389248087843,-0.4064140441847478,-0.2532590480413893,1.1102230246251565e-16,1
0.34628771013296505,0.3756485315047365,-0.11468878782471173,-0.44666318870326555,-0.13962216168721497,0.18159528566105196,0.10129920816198033,-0.12190200516637485,-0.11745246658913111,-1.6655455882921248,-1.6625646648009298,-0.31464389248087843,-0.34850505975588414,-0.2536268584379606,1.1102230246251565e-16,1
0.4739894621185732,0.5004747276084365,-0.10228446868697288,-0.44666318870326555,-0.13962216168721497,0.18159528566105196,0.10129920816198033,-0.12190200516637485,-0.8842529863541655,-0.3956842258664614,-0.4002327509249407,-0.31464389248087843,-0.39997971258154075,-0.2535743140955933,1.1102230246251565e-16,1
1.212886336518654,1.219737000708829,-0.07841025949118516,-0.44666318870326555,-0.13962216168721497,0.18159528566105196,0.10129920816198033,-0.12190200516637485,0.07116725543412299,0.1366285402616612,0.12892374814640606,-0.31464389248087843,-0.2069497644853285,-0.2528912376448181,1.1102230246251565e-16,1
-0.7716343565667055,-0.6021816239674903,-0.1110658045768583,0.6610834548579333,2.020996693478493,1.3743898790419116,0.8099302690777674,-0.1299467230217087,1.221854186652256,2.0264378029098267,2.007527676076278,-0.31464389248087843,0.6295133439315912,-0.3585053658031433,1.1102230246251565e-16,0
1.1982428666104414,0.5437611901935903,0.2778773707307018,-0.05895186345684596,2.024885419088891,-2.5862998605176095,-3.028268451198445,5.619867799492863,-0.25224872115899033,-0.14239041893560728,-0.14844081084638142,-0.31464389248087843,-0.2326870908981568,-0.09609892002071731,1.1102230246251565e-16,0
1.2772535179515627,1.287554161210814,-0.054100599162463944,-0.44666318870326555,-0.13962216168721497,0.18159528566105196,0.10129920816198033,-0.12190200516637485,-0.6923817559500546,-0.42140937813287577,-0.4258053698391689,-0.31464389248087843,-0.7860396087739652,-0.25367940278032797,1.1102230246251565e-16,1
0.49915559114561014,0.5253327382037972,-0.10299292673252702,-0.3912758565252056,-0.13962216168721497,0.18159528566105196,0.10129920816198033,-0.12190200516637485,-1.0758504747837654,-0.42734595173281764,-0.4317067434347601,-0.31464389248087843,-0.856817256409243,-0.2536268584379606,1.1102230246251565e-16,1
0.708474249160617,0.7295459173042088,-0.08212610754428533,-0.44666318870326555,-0.13962216168721497,0.18159528566105196,0.10129920816198033,-0.12190200516637485,0.2651679288023197,-0.6832782358192006,-0.6861215162224701,-0.31464389248087843,0.07616082605578278,-0.25346922541085865,1.1102230246251565e-16,1
-0.9796003329638118,-0.8871595918760352,-0.13897823186705469,-0.5574378530593854,-0.1406995617472366,-2.1237096496231094,-2.3565178172448182,-0.12190200516637485,0.4152883256754842,-0.342537757447934,-0.34740140635488587,-0.31464389248087843,-0.7152619611386875,-0.3581900997489394,1.1102230246251565e-16,0
0.48339780216735484,0.5070828669368352,-0.1081426861662933,-0.44666318870326555,-0.13962216168721497,0.18159528566105196,0.10129920816198033,-0.12190200516637485,0.26270979964071783,-0.5276080836429478,-0.5313743863825234,-0.31464389248087843,0.05685783124616156,-0.2529437819871854,1.1102230246251565e-16,1
1.1385607002998688,1.1517304057171844,-0.10343309534800012,-0.44666318870326555,-0.13962216168721497,0.18159528566105196,0.10129920816198033,-0.12190200516637485,-0.11726081436638122,-1.1838350447539834,-1.1837103501872417,-0.31464389248087843,-0.1040004588340153,-0.25367940278032797,1.1102230246251565e-16,1
-0.5830167133006171,-0.3433182707411937,-0.05556794655552875,0.6056961226798734,3.104653514804165,-0.5266265041588334,-0.5823058487437691,-0.8232161498303555,-0.11760574895749494,-0.39410113957314297,-0.3986590512994491,-0.31464389248087843,-0.09113179562760115,-0.3587155431726126,1.1102230246251565e-16,0
0.8834757484990715,0.8986474108286777,-0.05157646108853796,-0.44666318870326555,-0.13962216168721497,0.18159528566105196,0.10129920816198033,-0.12190200516637485,1.4114745598018466,-0.8183682661823234,-0.8204105509310358,-0.31464389248087843,0.018251841626919115,-0.25304887067192006,1.1102230246251565e-16,1
-0.5617870201230414,-0.779281295679409,0.13374935870085106,-0.6128251852374453,-0.8591087150816078,4.436660613971618,-3.399707037031627,-0.12190200516637485,-0.11706910738585329,-0.7107183982367103,-0.7133989763976479,-0.31464389248087843,-0.509363349836061,0.16662279181591266,1.1102230246251565e-16,0
-1.0201389410287727,-0.9887855464513158,-0.09962810799357996,-0.44666318870326555,-0.13962216168721497,0.18159528566105196,0.10129920816198033,-0.12190200516637485,-0.8329191644471693,-0.6614165679590978,-0.6643894737752142,4.04362350965426,-0.6509186451066167,0.16667533615827998,1.1102230246251565e-16,0
0.44633580252516264,0.47382518427974046,-0.10859963520883405,-0.44666318870326555,-0.13962216168721497,0.18159528566105196,0.10129920816198033,-0.12190200516637485,0.07444616616150976,-1.0150667381270642,-1.0159427293982912,-0.31464389248087843,-0.0010511531827021097,-0.25367940278032797,1.1102230246251565e-16,1
-0.8877199909223868,-0.7612215873551043,-0.08417439659271238,0.8272454513921131,2.0203494786441953,0.29246401389196475,0.2514552322222028,-1.0877398118608572,2.293530084163409,0.6375840201952184,0.626908889251296,-0.31464389248087843,0.9447955924887379,-0.358452821460776,1.1102230246251565e-16,0
-0.9676134458876086,-0.9412159120897494,-0.04233195987171974,-0.5574378530593854,-0.13962216168721497,0.18159528566105196,0.10129920816198033,-0.12190200516637485,-0.38592653477831973,-0.14239041893560728,-0.14844081084638142,0.411734007874978,-0.2905960753270205,-0.09588874265124803,1.1102230246251565e-16,0
1.0649794189145225,1.0754969583415845,-0.07091571758401688,-0.44666318870326555,-0.13962216168721497,0.18159528566105196,0.10129920816198033,-0.12190200516637485,-0.11993897318202373,-0.8649562342428196,-0.8667222827669135,-0.31464389248087843,-0.4128483757879549,-0.2529437819871854,1.1102230246251565e-16,1
1.0162748976815363,1.031682356284758,-0.07365884063562972,-0.44666318870326555,-0.13962216168721497,0.18159528566105196,0.10129920816198033,-0.12190200516637485,0.8409455416055029,-1.0328764589268897,-1.0336468501850649,-0.31464389248087843,-0.026788479595530407,-0.2536268584379606,1.1102230246251565e-16,1
0.47065808696686984,0.495921289388548,-0.08830245907813038,-0.44666318870326555,-0.13962216168721497,0.18159528566105196,0.10129920816198033,-0.12190200516637485,-0.3102806690653865,-1.3574091490570461,-1.3562552734107185,-0.31464389248087843,-0.4128483757879549,-0.2532590480413893,1.1102230246251565e-16,1
0.7026487162627938,0.7240919809524091,-0.08770101842733447,-0.44666318870326555,-0.13962216168721497,0.18159528566105196,0.10129920816198033,-0.12190200516637485,-0.30946047417032896,0.5897869917238918,0.5793952659432029,-0.31464389248087843,-0.20051543288212142,-0.253521769753226,1.1102230246251565e-16,1
-0.9483572366482558,-0.969995875224698,-0.09328744068869188,-0.05895186345684596,-0.949409161007985,-1.9287336103204686,0.4095142049171737,-0.12190200516637485,-0.3861946812689217,-0.9052401265281392,-0.9067673178798535,1.8644898085866908,-0.12330345364363653,0.430027580103318,1.1102230246251565e-16,0
-1.002974206864099,-0.9809404423382727,-0.10315840507601207,-0.2251138599910258,-0.8591327467639471,-1.6305349619752538,-0.9814047547985708,-0.12190200516637485,-0.9223892378206621,2.829854096768628,2.8061802360129566,1.8644898085866908,4.818263217619397,0.16667533615827998,1.1102230246251565e-16,0
1.0303615547183804,1.0413701688847483,-0.056726789329753155,-0.44666318870326555,-0.13962216168721497,0.18159528566105196,0.10129920816198033,-0.12190200516637485,-0.5027240946267802,-1.1967258902852858,-1.1965247614233827,-0.31464389248087843,-0.7216962927418945,-0.2528912376448181,1.1102230246251565e-16,1
1.1668433480954377,1.1759902820225387,-0.07418836705769835,-0.44666318870326555,-0.13962216168721497,0.18159528566105196,0.10129920816198033,-0.12190200516637485,0.6462589867178197,-0.8763667912920582,-0.8780651826649325,-0.31464389248087843,-0.0010511531827021097,-0.2531014150142874,1.1102230246251565e-16,1
-0.9300441124673774,-0.8190997267326796,-0.11198950651132698,-0.2251138599910258,-0.13919059892191377,0.44538639765874205,-0.27013937767120144,-0.12190200516637485,2.0268697262910194,0.11881881946183555,0.11121962735963238,0.7749229580529061,-0.3935453809783337,-0.35855791014551064,1.1102230246251565e-16,0
-0.8510811050761847,-0.7108709131980046,-0.10095430339929741,0.8272454513921131,0.9416586055050676,0.24467576896484744,0.06968741362298614,-0.42062526847149473,3.1004205580470976,0.9039306780541495,0.8916762853765716,-0.31464389248087843,0.6359476755347983,-0.358610454487878,1.1102230246251565e-16,0
0.961355239830689,0.9747853483540043,-0.1091077928832876,-0.44666318870326555,-0.13962216168721497,0.18159528566105196,0.10129920816198033,-0.12190200516637485,-0.8850728304889258,-0.7123014845300281,-0.7149726760231389,-0.31464389248087843,-0.2841617437238134,-0.25304887067192006,1.1102230246251565e-16,1
-0.9878680083109629,-0.9929959803123789,-0.08923168930518777,-0.2805011921690857,-1.0393883850667278,-2.467785013098357,0.4095142049171737,-0.12190200516637485,-0.25224872115899033,-0.14239041893560728,-0.14844081084638142,4.04362350965426,-0.2326870908981568,0.9550506490376393,1.1102230246251565e-16,0
-0.9880813299144433,-0.9741387270151487,-0.09673136067937473,-0.6128251852374453,-0.8591808005178747,0.38804050374620075,0.7098262530376186,-0.12190200516637485,-1.1908352388143153,-0.14239041893560728,-0.14844081084638142,-0.31464389248087843,-1.1206248521407332,0.16678042484301464,1.1102230246251565e-16,0
0.8052912848421973,0.8229962694505027,-0.10341574568602124,-0.44666318870326555,-0.13962216168721497,0.18159528566105196,0.10129920816198033,-0.12190200516637485,-0.50190541937705,-0.40834891621300373,-0.4128223479288683,-0.31464389248087843,-0.21981842769174265,-0.25320650369902203,1.1102230246251565e-16,1
-0.42449847628598675,-0.126570470746469,-0.05439430684474294,2.156541423665552,0.9412267840090922,0.10131103418349412,0.14081395133572308,-0.4988721522494947,1.758709772110047,1.344991112104377,1.3301215191035647,-0.31464389248087843,0.2241504529295455,-0.35855791014551064,1.1102230246251565e-16,0
0.2431566766165444,0.2728304579213599,-0.10319831006201606,-0.44666318870326555,-0.13962216168721497,0.18159528566105196,0.10129920816198033,-0.12190200516637485,-0.3107722245455616,-0.8152020935956868,-0.8172631516800529,-0.31464389248087843,-0.13617211685005068,-0.2531014150142874,1.1102230246251565e-16,1
-0.45167048215496847,-0.7997743214105769,0.045782680875433975,-0.33588852434714567,-0.9493281297226811,3.817324959716172,-2.609412173556772,-0.12190200516637485,-0.25224872115899033,-0.14239041893560728,-0.14844081084638142,3.317245609298404,-0.2326870908981568,0.429712314049114,1.1102230246251565e-16,0
0.6714817152681114,0.6935827880932244,-0.08685593996460694,-0.0035645312787860144,-0.13962216168721497,0.18159528566105196,0.10129920816198033,-0.12190200516637485,-0.692710208800759,-0.13051727173572353,-0.13663806365519898,-0.31464389248087843,-0.34850505975588414,-0.253521769753226,1.1102230246251565e-16,1
-1.0083217962689612,-0.9262953550109803,-0.11470604170985897,-0.3912758565252056,-0.13875869111342656,0.021026782705936265,-0.5704514257916463,-0.12190200516637485,1.4917290142097028,1.4097537331946532,1.3945001401463792,-0.31464389248087843,-0.2905960753270205,-0.35866299883024527,1.1102230246251565e-16,0
0.8746613598482869,0.8900301309653597,-0.0913632872930017,-0.44666318870326555,-0.13962216168721497,0.18159528566105196,0.10129920816198033,-0.12190200516637485,-0.3109359829162326,-1.0882844791930137,-1.0887263370772495,-0.31464389248087843,-0.41928270739116197,-0.25304887067192006,1.1102230246251565e-16,1
0.800028529504104,0.8170662520683135,-0.08872010815582024,-0.44666318870326555,-0.13962216168721497,0.18159528566105196,0.10129920816198033,-0.12190200516637485,-0.3109359829162326,-0.011785799736885868,-0.018610591743374524,-0.31464389248087843,-0.4064140441847478,-0.25304887067192006,1.1102230246251565e-16,1
0.8320175383235836,0.8515285337999718,-0.11666006838108262,-0.44666318870326555,-0.13962216168721497,0.18159528566105196,0.10129920816198033,-0.12190200516637485,-0.6923817559500546,-0.7182380581299699,-0.72087404961873,-0.31464389248087843,-0.09756612723080824,-0.25367940278032797,1.1102230246251565e-16,1
0.8902293337900496,0.9047033706513604,-0.05013032460803338,-0.3912758565252056,-0.13962216168721497,0.18159528566105196,0.10129920816198033,-0.12190200516637485,-0.693912132416136,-0.18394643413520048,-0.18975042601551997,-0.31464389248087843,-0.21338409608853556,-0.2529437819871854,1.1102230246251565e-16,1
-1.018676261836187,-1.0017398239497048,-0.11772684623278218,-0.5020505208813255,-0.13962216168721497,0.18159528566105196,0.10129920816198033,-0.12190200516637485,-0.8842037212429145,-0.39410113957314297,-0.3986590512994491,4.04362350965426,-0.09113179562760115,1.2181401712708404,1.1102230246251565e-16,0
-0.9743341935419283,-0.9678564660582389,-0.12867857246249575,1.768830098419132,-0.8591808005178747,0.5256706491362999,1.895268548249901,-0.12190200516637485,-0.7435445067354759,0.5610935526575058,0.5508719602311785,-0.31464389248087843,-0.29703040693022753,0.16678042484301464,1.1102230246251565e-16,0
-0.9723857687720275,-0.9444663539076431,-0.07502476588897145,-0.33588852434714567,-0.6789131511790186,-2.6168843372709647,-0.839151679373097,-0.12190200516637485,-0.7882064930422381,0.17580992602127776,0.16787281387730826,-0.31464389248087843,0.15980713689747475,-0.09604637567835,1.1102230246251565e-16,0
-0.5851880196291226,-0.6791897425380454,-0.1110658045768583,3.98432338554153,1.4825152449958134,1.1931768542782815,1.2725161958317157,-0.07662969960864606,0.9551947065240077,1.9444898065498457,1.9260655778155689,-0.31464389248087843,2.0901066178595973,-0.09578365396651334,1.1102230246251565e-16,0
0.462022435202218,0.4894017646718509,-0.11766051027771851,-0.44666318870326555,-0.13962216168721497,0.18159528566105196,0.10129920816198033,-0.12190200516637485,-0.5005378418646435,-0.46534002277244557,-0.46947553444654383,-0.31464389248087843,-0.6123126554873742,-0.25373194712269526,1.1102230246251565e-16,1
-1.002133968717134,-0.9805710567912403,-0.07896247064758966,-0.44666318870326555,-0.8593008788698654,0.9156227277415809,2.2746100827178313,-0.12190200516637485,-0.6543545917022179,-0.29542209395633134,-0.30056510797717734,0.048545057697049775,-0.8053426035835864,0.16704314655485122,1.1102230246251565e-16,0
-0.9136374512393616,-0.9401284257393219,-0.12463273829251545,1.6580554340630123,-0.4988497010705563,0.4339172188762338,2.5670191822035275,-0.6947814534908542,-0.8330861195990827,0.871915584711606,0.8598510206289192,1.5013008584087626,-0.7023932979322732,0.16688551352774933,1.1102230246251565e-16,0
0.21979207666204822,0.2498051408177045,-0.11307423586324049,-0.44666318870326555,-0.13962216168721497,0.18159528566105196,0.10129920816198033,-0.12190200516637485,-0.3109359829162326,-0.18988300773514236,-0.1956517996111112,-0.31464389248087843,-0.11686912204042946,-0.25304887067192006,1.1102230246251565e-16,1
0.449381665144363,0.47574554950158743,-0.09010046533089185,-0.44666318870326555,-0.13962216168721497,0.18159528566105196,0.10129920816198033,-0.12190200516637485,-0.6929290210957236,-1.3415782861238676,-1.3405182771558084,-0.31464389248087843,-0.502929018232854,-0.2534166810684913,1.1102230246251565e-16,1
-1.0030522275010816,-0.9191851251359846,-0.11339431004257015,-0.1143391956349059,-0.1400533798226375,0.41097886131121725,-0.45981014490516664,-0.12190200516637485,1.7561400620280574,0.3740914842593365,0.36497869197005495,-0.31464389248087843,-0.6058783238841672,-0.3583477327760413,1.1102230246251565e-16,0
-0.22398748319708114,-0.7217209023216927,-0.09173278190270524,6.919851990978707,1.213153878388378,0.6467342029516661,1.3280124573557268,-0.14999114942841069,-0.05031430269590609,1.51985018904812,1.503943795919161,-0.31464389248087843,2.2895708975590163,0.42960722536437923,1.1102230246251565e-16,0
-0.9999315149682841,-0.9633843028102841,-0.10684801903300303,-0.3912758565252056,-0.679291335013423,0.9385610853065974,0.7888557393851041,-0.12190200516637485,-0.7886758198103372,-0.6078177891710508,-0.6111085007407332,-0.31464389248087843,-0.9082919092348997,-0.09567856528177875,1.1102230246251565e-16,0
-0.884560934955788,-0.7570994328349335,-0.07856549828996447,-0.1143391956349059,0.9386394743712605,-2.1007712920580928,-1.6373494914827003,0.11624804059924879,0.4156624023076406,-0.8242483009860752,-0.8262557209685735,-0.31464389248087843,-0.850382924806036,-0.3582426440913067,1.1102230246251565e-16,0
1.1521351312488226,1.1637809315020122,-0.04998827202779009,-0.3912758565252056,-0.13962216168721497,0.18159528566105196,0.10129920816198033,-0.12190200516637485,-0.884417142440306,-0.6806397586636718,-0.6834986835133194,-0.31464389248087843,-0.4064140441847478,-0.25346922541085865,1.1102230246251565e-16,1
0.5697120966186612,0.5946492607272268,-0.07281130143919871,-0.44666318870326555,-0.13962216168721497,0.18159528566105196,0.10129920816198033,-0.12190200516637485,-1.0757957170058368,-1.3653245805236351,-1.3641237715381733,-0.31464389248087843,-1.107756188934319,-0.25367940278032797,1.1102230246251565e-16,1
-0.9805649094256667,-0.9500735544655705,-0.09128085348543637,-0.1143391956349059,-0.6789131511790186,-2.169586364753142,-0.8233457821035999,-0.12190200516637485,-0.11720330802285703,0.43701916441872063,0.42753325208332205,0.411734007874978,3.132468337579143,-0.09604637567835,1.1102230246251565e-16,0
-1.0326240751140936,-0.9857652746095906,-0.12867857246249575,0.43953412614569354,-0.13962216168721497,0.18159528566105196,0.10129920816198033,-0.12190200516637485,-0.654086360319708,1.2728887272905374,1.2584466543425659,-0.31464389248087843,0.3206654269776516,-0.09599383133598262,1.1102230246251565e-16,0
0.8057465668838703,0.8221333687676667,-0.08875537926389696,-0.44666318870326555,-0.13962216168721497,0.18159528566105196,0.10129920816198033,-0.12190200516637485,-0.11993897318202373,-0.8446022676144468,-0.8464890018677428,-0.31464389248087843,-0.2326870908981568,-0.2529437819871854,1.1102230246251565e-16,1
0.014259833479686969,0.05083913915561067,-0.1188128688711879,-0.44666318870326555,-0.13962216168721497,0.18159528566105196,0.10129920816198033,-0.12190200516637485,-0.30880347462524843,0.32462003759315394,0.31580057867346123,-0.31464389248087843,-0.16834377486608604,-0.25373194712269526,1.1102230246251565e-16,1
-0.05031648976624275,-0.512716068506498,0.1260481096783654,-0.44666318870326555,-0.8337721629753115,3.0832975176356427,0.7572439448461099,-0.12190200516637485,1.3179631046424265,-0.1988902228522959,-0.20460560782511203,-0.31464389248087843,0.08259515765898987,0.1148666145840966,1.1102230246251565e-16,1
1.0105331195833658,1.025187347914982,-0.055528135692613674,-0.3912758565252056,-0.13962216168721497,0.18159528566105196,0.10129920816198033,-0.12190200516637485,-0.692819630566535,0.2909794538601502,0.28235946163177783,-0.31464389248087843,-0.2069497644853285,-0.25346922541085865,1.1102230246251565e-16,1
0.7842916586083193,1.5288011439481466,-0.09721385467428648,0.882632783570173,4.181399810366102,-1.2841657627435037,-2.008788077315882,0.5262226129254505,0.1494286407667057,0.24546572292726263,0.23711559739891203,-0.31464389248087843,-0.08469746402439408,-0.3585053658031433,1.1102230246251565e-16,0
0.13963391244633533,0.04084965197877247,-0.09721385467428648,-0.5020505208813255,-0.6792373411444472,-2.112240470840601,-0.839151679373097,-0.12190200516637485,-0.654488640382535,-0.07510925146959974,-0.08155857676301469,-0.31464389248087843,-0.5222320130424751,-0.09573110962414604,1.1102230246251565e-16,0
0.5604674348144161,0.5855958381651842,-0.08250215769712278,-0.44666318870326555,-0.13962216168721497,0.18159528566105196,0.10129920816198033,-0.12190200516637485,-0.6923817559500546,-0.7776037941293887,-0.7798877855746422,-0.31464389248087843,-0.01391981638911626,-0.25367940278032797,1.1102230246251565e-16,1
-0.9137001475870441,-0.9581013145023237,-0.06795613260192822,-0.33588852434714567,-0.13962216168721497,0.18159528566105196,0.10129920816198033,-0.12190200516637485,-1.1237583982126398,0.22330251482081281,0.21508380264203802,-0.31464389248087843,-0.9018575776316926,0.42960722536437923,1.1102230246251565e-16,0
-0.4550901478453893,-0.8611862011434032,0.08812779003797411,2.4888654167339115,-0.4471371413015562,-1.3007960719781413,-1.5464655821830922,2.1580581058356874,0.17047424047614868,-0.05997680895994354,-0.06651585975464448,-0.31464389248087843,1.826299022128107,0.849751786933518,1.1102230246251565e-16,0
7.928202657260425,7.744634467079676,14.12175276546115,-0.44666318870326555,-0.4521528297709322,3.03742080250561,-4.774820099477874,-0.12190200516637485,-1.2687270537817772,-0.14239041893560728,-0.5025232265818548,-0.31464389248087843,-0.2326870908981568,-0.25131490737379825,1.1102230246251565e-16,1
-0.9495783668248361,-0.9288556918780148,-0.09428898201766314,0.1625974652553938,-0.6790752947707844,0.6633007945263991,0.931108814810578,-0.12190200516637485,-0.11760574895749494,0.44414305273865046,0.43461490039803113,2.590867708942547,-0.59944399228096,-0.09588874265124803,1.1102230246251565e-16,0
-0.9891725670195446,-0.9746423816736074,-0.11788968134254828,0.2733721296115137,-0.13847056067937413,0.5103784107596218,3.049099048923189,-1.9067587643807022,-1.1014247875115981,1.3298798338499795,1.315099840860242,-0.31464389248087843,-1.0176755464894198,0.16688551352774933,1.1102230246251565e-16,0
-0.7033443467202788,-0.8440064673758738,-0.05295683195034018,0.8272454513921131,-0.13825436202162747,0.835338476264023,2.906845973497715,-0.16796758711455273,-1.1908173495702647,0.25338115439385134,0.24498409552636655,-0.31464389248087843,-1.0112412148862129,0.16672788050064735,1.1102230246251565e-16,0
0.4786761643911977,1.1115053625776357,0.2091485807308598,-0.1143391956349059,0.9420905996260666,2.0281330696448827,-2.5303826872092863,11.376791827904285,-0.25224872115899033,-0.14239041893560728,-0.14844081084638142,-0.31464389248087843,-0.2326870908981568,-0.35866299883024527,1.1102230246251565e-16,0
-0.9997011800446313,-0.914501032558641,-0.1151924585625614,-0.1143391956349059,-0.1389746881739263,-0.013380753641588531,-0.5388396312526521,-0.12190200516637485,4.709701817850175,-0.31584161281217005,-0.3208635524219162,2.2276787587646187,-0.59944399228096,-0.358610454487878,1.1102230246251565e-16,0
0.6435240780445245,0.6638226259118744,-0.09188060853884115,-0.44666318870326555,-0.13962216168721497,0.18159528566105196,0.10129920816198033,-0.12190200516637485,-0.11974803068061536,-1.780884732519567,-1.777219923229559,-0.31464389248087843,-0.25199008570777803,-0.2529963263295527,1.1102230246251565e-16,1
0.1237614023255462,-0.9632004886633309,0.19865737593452126,-0.16972652781296585,-1.187420738910499,0.9500302640891057,0.8204675339240982,-0.12190200516637485,-1.4352430248153452,-0.40359965733305014,-0.40810124905239525,2.590867708942547,-0.9082919092348997,8.205959718359159,1.1102230246251565e-16,0
0.7915816782105717,0.8116686680961501,-0.10974087885145839,-0.44666318870326555,-0.13962216168721497,0.18159528566105196,0.10129920816198033,-0.12190200516637485,-0.8841708731448386,-0.16613671333537483,-0.1720463052287463,-0.31464389248087843,-0.5415350078520964,-0.2536268584379606,1.1102230246251565e-16,1
-0.8653308599673771,-0.7302261537555219,-0.11911569169708776,1.5472807697068924,0.9429551061573519,0.08984185540098585,0.08549331089248324,-0.22661891415227367,2.566406910647936,1.3393783516098867,1.3245420386131879,-0.31464389248087843,0.9447955924887379,-0.3587680875149799,1.1102230246251565e-16,0
0.9852324798662957,-0.0056920482426127215,0.682245420878865,-0.6128251852374453,-0.13962216168721497,0.18159528566105196,0.10129920816198033,-0.12190200516637485,1.2233469625923494,-0.18309835219235182,-0.18890737264472143,-0.31464389248087843,0.1469384736910606,0.11455134852989263,1.1102230246251565e-16,1
0.23531070793464293,0.26661756982945206,0.10622643509891484,0.7164707870359932,1.8686210310366778,-0.04492099529348626,1.2314208629310228,-0.22043773658930554,4.2895363413948315,-0.44871761669260857,-0.45295168837888866,-0.31464389248087843,-0.3871110493751266,-0.253521769753226,1.1102230246251565e-16,1
0.13963391244633533,0.04084965197877247,-0.09721385467428648,-0.44666318870326555,-0.6793453180933352,-2.077832934493076,-0.9655988575290737,-0.12190200516637485,-1.0569295589660752,-0.13447498746901856,-0.1405723127189269,-0.31464389248087843,-0.7860396087739652,-0.09562602093941135,1.1102230246251565e-16,0
-0.9559927170578838,-0.8548028032783125,-0.09516808700263098,-0.2251138599910258,-0.1402688597831224,-2.146648007188126,-2.467159098131298,-0.12190200516637485,0.41603662827178595,-0.634277945787935,-0.6374117659096543,-0.31464389248087843,-0.940463567250935,-0.35829518843367403,1.1102230246251565e-16,0
0.5326215645642894,0.557205333582903,-0.11151136111313734,-0.44666318870326555,-0.13962216168721497,0.18159528566105196,0.10129920816198033,-0.12190200516637485,-0.30978869261277603,-1.0170455959937112,-1.0179098539301548,-0.31464389248087843,-0.11686912204042946,-0.2534166810684913,1.1102230246251565e-16,1
0.8618154011847589,0.8782800334650486,-0.07190416535397016,-0.44666318870326555,-0.13962216168721497,0.18159528566105196,0.10129920816198033,-0.12190200516637485,0.2639379875706052,-0.5328850379540067,-0.5366200518008263,-0.31464389248087843,-0.052525806008358704,-0.25320650369902203,1.1102230246251565e-16,1
0.5578667969249769,0.581228480645715,-0.04341755317071588,-0.44666318870326555,-0.13962216168721497,0.18159528566105196,0.10129920816198033,-0.12190200516637485,0.4556720035987685,-0.5365789059717482,-0.5402920175936385,-0.31464389248087843,-0.20051543288212142,-0.2532590480413893,1.1102230246251565e-16,1
0.9433217329776832,0.9579978088871899,-0.06976879994749706,-0.44666318870326555,-0.13962216168721497,0.18159528566105196,0.10129920816198033,-0.12190200516637485,-0.11898371590322215,-1.1431271114972388,-1.1432437883889017,-0.31464389248087843,-0.21338409608853556,-0.25320650369902203,1.1102230246251565e-16,1
0.9401564046092972,0.9571491307623633,-0.08553331068107486,-0.44666318870326555,-0.13962216168721497,0.18159528566105196,0.10129920816198033,-0.12190200516637485,0.2659067366887226,-0.5671852409758931,-0.5707168770197978,-0.31464389248087843,-0.2069497644853285,-0.2536268584379606,1.1102230246251565e-16,1
1.0459610369596666,1.0601583803105739,-0.08525702254743656,-0.44666318870326555,-0.13962216168721497,0.18159528566105196,0.10129920816198033,-0.12190200516637485,-0.30946047417032896,0.09903024079536239,0.09154838204099475,-0.31464389248087843,-0.59944399228096,-0.253521769753226,1.1102230246251565e-16,1
-1.0547014803052501,-1.0008989013778073,-0.13883073565590537,0.10721013307733386,-0.6789672098503521,0.18159528566105196,0.9153029175410808,-0.12190200516637485,0.15103695742220294,2.3423354768946134,2.32155228316289,-0.31464389248087843,1.1442598721881572,-0.09599383133598262,1.1102230246251565e-16,0
-0.991419238863785,-0.9575582382914007,-0.12073721519637057,-0.2805011921690857,-0.13908265433375006,0.4167134507024714,0.614990869420636,-1.518969099415633,-0.5205560668386837,0.7480956210556752,0.736765228492302,-0.31464389248087843,0.1276354788814394,-0.09562602093941135,1.1102230246251565e-16,0
1.2176864724803826,1.2292193464991117,-0.10100698949316014,-0.44666318870326555,-0.13962216168721497,0.18159528566105196,0.10129920816198033,-0.12190200516637485,-0.5006747754221634,-0.5365789059717482,-0.5402920175936385,-0.31464389248087843,-0.24555575410457095,-0.25367940278032797,1.1102230246251565e-16,1
-0.4550901478453893,-0.8109333337634415,0.08812779003797411,2.4888654167339115,-0.1896591219758313,-1.3007960719781413,-1.5464655821830922,2.1580581058356874,0.7136763465551151,-0.05997680895994354,-0.06651585975464448,-0.31464389248087843,1.826299022128107,0.48194139036223604,1.1102230246251565e-16,0
-0.9803857278117442,-0.9499507167142587,-0.12867857246249575,0.1625974652553938,-0.13962216168721497,0.18159528566105196,0.10129920816198033,-0.12190200516637485,0.6880005140004002,0.10140487023533969,0.09390893147923177,-0.31464389248087843,0.10833248407181816,-0.09604637567835,1.1102230246251565e-16,0
0.7412670529759243,0.7618952422569815,-0.10552824300827429,-0.44666318870326555,-0.13962216168721497,0.18159528566105196,0.10129920816198033,-0.12190200516637485,0.07378926046010104,0.053516509862474845,0.04630451780812893,-0.31464389248087843,-0.20051543288212142,-0.253521769753226,1.1102230246251565e-16,1
-0.8618890808786749,-0.7255076100955143,0.09104873505434831,-0.0035645312787860144,-0.13832643784778392,0.1357185705310189,-0.6494809121391318,-0.12190200516637485,1.2245347144114176,-0.2658711498143985,-0.2711893816346789,-0.31464389248087843,0.031120504833333264,-0.3587680875149799,1.1102230246251565e-16,0
-0.4560970947847587,-0.7109672765881466,0.06514940607556272,-0.6128251852374453,-0.13962216168721497,0.18159528566105196,0.10129920816198033,-0.12190200516637485,1.7037296086840976,-0.5590299479497107,-0.5626099395551476,-0.31464389248087843,0.06972649445257571,0.11423608247568866,1.1102230246251565e-16,1
-0.96117138407433,-0.8617698920222957,-0.09900912188264017,-0.44666318870326555,-0.1394064234091154,-0.05925746877162159,-0.5072278367136579,-0.12190200516637485,0.953747800180868,0.8021844027440344,0.7905332990299108,-0.31464389248087843,-0.49649468662964685,-0.3585053658031433,1.1102230246251565e-16,0
-0.9839205390088896,-0.8928793652409678,-0.11317806111220571,-0.44666318870326555,-0.13962216168721497,0.18159528566105196,0.10129920816198033,-0.12190200516637485,-0.11814196155905543,-0.004661911416955675,-0.011528943428665122,-0.31464389248087843,-0.9018575776316926,-0.358610454487878,1.1102230246251565e-16,0
0.45983526621816967,0.48490732697640604,-0.09978418256827536,-0.44666318870326555,-0.13962216168721497,0.18159528566105196,0.10129920816198033,-0.12190200516637485,-0.31060841946019346,-0.3165299112005687,-0.32154776965039017,-0.31464389248087843,-0.21981842769174265,-0.2531539593566547,1.1102230246251565e-16,1
1.0921822543925035,1.1066139743020507,-0.07237607510571399,-0.44666318870326555,-0.13962216168721497,0.18159528566105196,0.10129920816198033,-0.12190200516637485,0.8416027288111221,-0.567844860264776,-0.5713725851970862,-0.31464389248087843,-0.21981842769174265,-0.25373194712269526,1.1102230246251565e-16,1
